department,n_years,temp_avg_mean,temp_avg_slope_yr,temp_avg_slope_decade,temp_avg_pvalue,temp_avg_r2,temp_max_mean,temp_max_slope_yr,temp_max_slope_decade,temp_max_pvalue,temp_max_r2,precip_mean,precip_slope_yr,precip_slope_decade,precip_pvalue,precip_r2,extreme_heat_mean,extreme_heat_slope_yr,extreme_heat_slope_decade,extreme_heat_pvalue,extreme_heat_r2,temp_avg_sig,temp_max_sig,precip_sig,extreme_heat_sig
Alpes_de_Haute_Provence,33,7.654708,0.0542139643653817,0.5421396436538171,0.00044041693030017035,0.33283614266417805,12.467549,0.05734578938407556,0.5734578938407555,0.0018512620753060303,0.27208622926499804,0.014358199,-1.92E-05,-0.000191682,0.7547952331293883,0.003192662816223324,0,0,0,,,***,**,,
Aude,33,14.187591,0.05419514555344488,0.5419514555344488,0.0013780354892734606,0.2849294731250098,18.868967,0.06093731665993587,0.6093731665993587,0.004075756286786533,0.23688587710909348,0.014559398,-2.11E-05,-0.00021126,0.7411863929141544,0.0035697266438370345,1.0909090909090908,0.06383689839572115,0.6383689839572115,0.042610899552547876,0.1260538754975662,**,**,,*
Alpes_Maritimes,33,8.711804,0.05388714875129332,0.5388714875129332,0.00019966243579939624,0.36443541601509943,12.767118,0.055499974737828965,0.5549997473782896,0.0009340647083851655,0.301570252999399,0.016041208,-2.70E-05,-0.000270026,0.7011483559261336,0.00481653543355598,0,0,0,,,***,***,,
Ariege,33,7.8936315,0.053717722229777366,0.5371772222977736,0.0017795666710432169,0.27381502258662327,12.241984,0.060628351361991614,0.6062835136199162,0.005298103772304236,0.2249189226849737,0.030208178,-3.52E-05,-0.000351624,0.7370400639270666,0.003689229498917479,0,0,0,,,**,**,,
Bouches_du_Rhone,33,16.08947,0.05366555955958127,0.5366555955958128,0.001544640418522529,0.2799854518954118,20.995602,0.054889124982496096,0.548891249824961,0.011217246695900254,0.19002307002301588,0.0060028,1.9279545338666123e-06,1.927954533866612e-05,0.9568870898711781,9.580287272503707e-05,3.484848484848485,0.20153743315507533,2.0153743315507535,0.015225079482687963,0.1755556549795535,**,*,,*
Tarn_et_Garonne,33,14.042932,0.05365619525552303,0.5365619525552303,0.004202892477391214,0.2354911329225735,19.262224,0.05872000984966912,0.5872000984966912,0.014731346599513185,0.1771231605166449,0.00903842,-1.66E-05,-0.000165795,0.6808103573218953,0.0055318900554736095,4.333333333333333,0.11731283422459629,1.1731283422459629,0.1761624018344761,0.05821414441022765,**,*,,
Vaucluse,33,14.181662,0.05299312163164138,0.5299312163164138,0.00106861832483117,0.2958472835219328,19.40793,0.05600818083247886,0.5600818083247886,0.006753811134559159,0.21373086040981104,0.008203094,-1.98E-06,-1.98E-05,0.9628574923634046,7.108902733532485e-05,1.4848484848484849,0.10661764705882189,1.0661764705882188,0.01655656273140924,0.17156282032837822,**,**,,*
Jura,33,11.900788,0.052433318951549804,0.524333189515498,0.002299971195620279,0.2625301336929997,16.74943,0.059768654764653845,0.5976865476465385,0.0047642797067674846,0.22977984243184912,0.01942925,-0.000100812,-0.00100812,0.14729356338102403,0.06652270851647724,0.21212121212121213,0.0013368983957220814,0.013368983957220814,0.9052477703452109,0.00046439628482974893,**,**,,
Lot,33,13.01963,0.05225095838148856,0.5225095838148857,0.003122504312750153,0.24890702062792158,18.076143,0.05780456378498046,0.5780456378498046,0.011357388503713385,0.18943771949078636,0.010997819,-4.69E-05,-0.000469226,0.30984177043582883,0.0332435316312214,1.5151515151515151,0.026737967914439092,0.2673796791443909,0.5369609237583897,0.012418760607691648,**,*,,
Saone_et_Loire,33,12.475798,0.05222091540933187,0.5222091540933187,0.0023357927173189136,0.26184599326720714,17.585464,0.0583532140216713,0.583532140216713,0.007417131730562554,0.209385304001947,0.016499743,-0.000110407,-0.00110407,0.08313058010995777,0.09373156957000461,1.303030303030303,0.04846256684491963,0.4846256684491963,0.18030824827200792,0.05714474676021253,**,**,?,
Rhone,33,12.627365,0.05209431992495019,0.5209431992495019,0.002080543224006467,0.2669569728454949,17.6915,0.056371646450163904,0.563716464501639,0.008747956771135415,0.20169422248248148,0.012749078,-4.94E-05,-0.000494438,0.336947588141432,0.029772357429928675,1,0.036430481283422356,0.36430481283422356,0.25629185713334673,0.04136377562388749,**,**,,
Tarn,33,12.557241,0.05170737294589652,0.5170737294589652,0.0022117245201860717,0.2642598956382477,17.292723,0.05705919399618309,0.5705919399618309,0.009628291120763717,0.19720483368692432,0.015221554,-2.48E-05,-0.000247938,0.7100543256821032,0.004521004452888833,0.5151515151515151,0.0040106951871661,0.040106951871661,0.8520693879120165,0.001139336652882128,**,**,,
Haute_Saone,33,12.44866,0.05164248707460122,0.5164248707460122,0.004340812617089841,0.23402308144570572,17.417439,0.05818271541340381,0.5818271541340381,0.008106598620570945,0.2052484697192164,0.008655801,-6.28E-05,-0.000628031,0.10752927602685673,0.08139781770211729,0.696969696969697,0.03308823529411735,0.3308823529411735,0.21612754038730478,0.04891369443705118,**,**,,
Ain,33,12.182754,0.051595514152138165,0.5159551415213817,0.001997800476751984,0.26874288056046036,17.085081,0.058158753071238155,0.5815875307123816,0.005066195588472063,0.22697008528053597,0.012532084,-4.89E-05,-0.000489457,0.28774609380486815,0.03636898958344881,0.36363636363636365,0.008355614973262145,0.08355614973262146,0.6422820924931916,0.007048448213640923,**,**,,
Bas_Rhin,33,12.343765,0.05145024169575012,0.5145024169575012,0.00768970837364999,0.20770723719704187,17.177914,0.05773688382643377,0.5773688382643377,0.013799616471835374,0.18022548281546924,0.00783415,-6.24E-05,-0.000623903,0.10056360203579987,0.08459620322522987,0.6363636363636364,0.031417112299464964,0.31417112299464967,0.22100555169368458,0.04791341315287179,**,*,,
Nievre,33,12.396835,0.05133216680689817,0.5133216680689817,0.003000237109195156,0.2506973988829624,17.391148,0.05777737546094463,0.5777737546094462,0.009452462760385477,0.19806890418419365,0.012962318,-9.02E-05,-0.000902064,0.06529173809455942,0.10538741212386404,1.0909090909090908,0.03442513368983875,0.3442513368983875,0.23574499089248774,0.04503888737943229,**,**,?,
Pyrenees_Orientales,33,13.674685,0.051312922475170795,0.513129224751708,0.0009005090994786303,0.30311947962474783,17.801182,0.0549058308575863,0.549058308575863,0.0027836807358174944,0.2540468519508807,0.008825756,1.991450812115094e-05,0.00019914508121150938,0.7214115329583158,0.0041594066258668905,0.030303030303030304,0.005347593582887557,0.05347593582887557,0.09320551954022267,0.08823529411764874,***,**,,?
Haut_Rhin,33,11.337221,0.05130457463748886,0.5130457463748885,0.003907378179233136,0.23879864369749293,16.171381,0.05688543115707578,0.5688543115707578,0.008694190988820162,0.20198236018656968,0.005493222,-3.44E-05,-0.000343786,0.13167834130563988,0.07178703365519068,0.12121212121212122,1.0791286684885418e-16,1.0791286684885418e-15,0.9999999999999933,1.1102230246251565e-16,**,**,,
Haute_Garonne,33,13.549688,0.05130286203986047,0.5130286203986046,0.004258376919128671,0.23489507211405014,18.645544,0.05745931902033573,0.5745931902033573,0.013478217038230003,0.1813429932222944,0.013025607,-1.37E-05,-0.000136658,0.7954860298711901,0.0021999369603817875,2.0606060606060606,0.07118983957219245,0.7118983957219245,0.17565051526140196,0.05834810894973652,**,*,,
Drome,33,11.460524,0.05119666090623465,0.5119666090623465,0.0010701283313606705,0.2957870327706056,16.433533,0.056298489876608085,0.5629848987660808,0.004673483330738826,0.23065829926747983,0.022843337,-3.73E-05,-0.000372672,0.6936999614982754,0.005071920319900558,0,0,0,,,**,**,,
Var,33,14.485364,0.05105771929184904,0.5105771929184904,0.0003148746280975517,0.3464019694840149,18.391068,0.05267969299765055,0.5267969299765055,0.0022524032705353537,0.26345450294150097,0.019419098,-4.04E-05,-0.000404395,0.7094356461149296,0.004541191669937605,0.21212121212121213,0.01336898395721903,0.1336898395721903,0.18405758248090853,0.05620082427875572,***,**,,
Cote_d_Or,33,12.034726,0.05091134940876582,0.5091134940876583,0.003549181296620103,0.24314503434727075,16.862967,0.058193948498383066,0.5819394849838306,0.007590655548330363,0.20831031095898356,0.019149479,-0.000144232,-0.001442325,0.06530059084488708,0.10538085601669833,0.6363636363636364,0.023395721925133593,0.23395721925133592,0.37997151010515506,0.02495111618054424,**,**,?,
Territoire_de_Belfort,33,11.562123,0.050865948837707904,0.5086594883770791,0.00434623921743614,0.23396623797594573,16.369726,0.05679038055440251,0.5679038055440251,0.009034195364563532,0.20018842730635866,0.005451076,-3.61E-05,-0.000360923,0.1110567102684547,0.07985975672356949,0.21212121212121213,0.008355614973261974,0.08355614973261974,0.5451966897152354,0.011926267046611372,**,**,,
Moselle,33,12.332824,0.05069414275215184,0.5069414275215184,0.009686148624350615,0.19692383576514516,17.245491,0.05741971157451296,0.5741971157451297,0.015221348360023925,0.17556731421443428,0.010700289,-9.28E-05,-0.000927712,0.07599910356944324,0.0980529694401221,1,0.028409090909091002,0.28409090909091,0.43484570502009656,0.01979321907600662,**,*,?,
Dordogne,33,13.9293785,0.05064918778159295,0.5064918778159295,0.0059065353647825,0.2199218207270518,19.01174,0.05665848790642925,0.5665848790642926,0.014416914499578095,0.1781482539987732,0.01821287,-5.07E-05,-0.000506589,0.5004005614185463,0.014775544471335333,3.272727272727273,0.0772058823529403,0.772058823529403,0.2807249391306446,0.03742467513521919,**,*,,
Gard,33,13.61987,0.05057743143907716,0.5057743143907716,0.0011434675615896927,0.29295392511237317,18.751144,0.053346861492502194,0.533468614925022,0.006572992369078869,0.2149867792864596,0.011253568,9.668002528874367e-06,9.668002528874368e-05,0.8608993799186934,0.0010060895940322556,0.7272727272727273,0.06216577540106844,0.6216577540106845,0.02334491455600167,0.1551111908177899,**,**,,*
Aveyron,33,11.372762,0.05056481214767991,0.5056481214767992,0.0018632854386415611,0.2718025743469942,16.228003,0.05424949542723737,0.5424949542723737,0.011657414394415306,0.1882077152874021,0.026462505,-6.00E-05,-0.000600427,0.5630504009996343,0.010904054617926318,0.06060606060606061,-0.006684492,-0.06684492,0.3009500621343403,0.03446691176470673,**,*,,
Vosges,33,11.756865,0.0503528162757335,0.503528162757335,0.006242459399381505,0.21737098163316393,16.437769,0.05759356397995906,0.5759356397995906,0.010293504127109948,0.19406820018805881,0.014439979,-0.000112811,-0.001128112,0.09296696288595056,0.08835820740219436,0.2727272727272727,0.010026737967914392,0.10026737967914393,0.5023751380563349,0.014640812077043042,**,*,?,
Charente,33,13.651744,0.05035073680673576,0.5035073680673576,0.006692345490535739,0.21415411607567125,18.609848,0.05387091190419607,0.5387091190419607,0.0216386962104449,0.1587562866349439,0.009049637,-2.51E-05,-0.00025146,0.505034696289103,0.014460732725547487,3.4545454545454546,0.0658422459893019,0.658422459893019,0.3449766856300426,0.0288126306661598,**,*,,
Allier,33,12.199313,0.05024118123844869,0.5024118123844868,0.0034151461726801427,0.24488024114466078,17.369415,0.05574150359566696,0.5574150359566696,0.0131101815413218,0.18265486375865503,0.012636625,-6.19E-05,-0.000619301,0.2241434723514584,0.04728325387731058,1.121212121212121,0.015040106951872205,0.15040106951872206,0.6915737600344316,0.005146211710490678,**,*,,
Cher,33,12.960825,0.050042329943752524,0.5004232994375253,0.004833303900547668,0.22912271048487431,18.007992,0.054904375165540274,0.5490437516554028,0.015748852882478258,0.1739458984124016,0.015333835,-7.20E-05,-0.000719546,0.24868218148672153,0.04268308128045328,2.212121212121212,0.039438502673795145,0.39438502673795145,0.457505316466013,0.01793245322416781,**,*,,
Haute_Savoie,33,8.403342,0.050024299060596314,0.5002429906059631,0.0018007543620304613,0.273297313306605,12.810957,0.05480994770233561,0.5480994770233562,0.0035307732684156192,0.24337959077593518,0.007797164,-9.92E-06,-9.92E-05,0.7257883817850518,0.004024558628156982,0,0,0,,,**,**,,
Herault,33,13.962518,0.049767318893880204,0.497673188938802,0.0011249517073307295,0.2936525254449812,18.711609,0.05246946582182059,0.5246946582182059,0.006480644196917265,0.21564108515820568,0.016352551,1.784224053197857e-05,0.0001784224053197857,0.8341898085948152,0.0014354776271324754,0.3939393939393939,0.0287433155080209,0.287433155080209,0.10456482676274498,0.08273177425128253,**,**,,
Haute_Marne,33,12.04273,0.04970276228246745,0.4970276228246745,0.00523801424696134,0.2254419985722712,16.876196,0.05710204049227601,0.5710204049227601,0.009442378441986256,0.19811893091189925,0.013864883,-0.000101397,-0.001013966,0.09314168836856417,0.08826815040272307,0.696969696969697,0.028409090909090738,0.2840909090909074,0.33652933544696373,0.029823166167664228,**,**,?,
Hautes_pyrenees,33,9.111831,0.04966857503442047,0.4966857503442047,0.0028824568491052117,0.2524892902483191,13.453567,0.054563742270442396,0.545637422704424,0.00989572635619536,0.19591937402222015,0.03337745,-2.34E-06,-2.34E-05,0.9833170383246144,1.433402637474046e-05,0,0,0,,,**,**,,
Yonne,33,12.847927,0.04955674205871705,0.4955674205871705,0.005449926282258271,0.2236222759915265,17.75452,0.055151965847626064,0.5515196584762606,0.01308030522739863,0.1827629211321009,0.01920836,-9.13E-05,-0.000913399,0.23187105122257373,0.04577381444989692,1.6666666666666667,0.042446524064168906,0.42446524064168906,0.3791687676482407,0.025034250260756896,**,*,,
Aube,33,12.944196,0.04954392897253893,0.4954392897253893,0.005534902965391102,0.22291158968366953,17.90058,0.056471701611808416,0.5647170161180841,0.011084258521954887,0.19058512322326582,0.007035814,-4.64E-05,-0.000464336,0.12264122525483004,0.07514740722494329,1.878787878787879,0.05748663101604035,0.5748663101604036,0.22909578067211017,0.04630912824965416,**,*,,
Indre,33,13.217611,0.0495075959572804,0.49507595957280404,0.006559151732790863,0.2150842775637828,18.24106,0.05373879549974923,0.5373879549974923,0.021966818516014695,0.15803394276804417,0.01511817,-6.52E-05,-0.00065159,0.3130173182933907,0.0328172506317842,2.878787878787879,0.04612299465240349,0.46122994652403493,0.47836477974966596,0.01634075911366628,**,*,,
Savoie,33,5.1325192,0.04930356870041738,0.49303568700417383,0.001483525569260702,0.28173729470630404,9.513873,0.05137660446013935,0.5137660446013935,0.005198339225137619,0.22579053412485695,0.0277207,-3.80E-06,-3.80E-05,0.9661880736858668,5.8904546314186845e-05,0,0,0,,,**,**,,
Meurthe_et_Moselle,33,12.231777,0.049216670785994815,0.49216670785994815,0.009989774326983294,0.19547528671648906,17.122831,0.056080271215999095,0.560802712159991,0.015208871091873591,0.17560632411748578,0.011463812,-9.10E-05,-0.000910085,0.1103458587122047,0.08016555238070766,1.0909090909090908,0.02406417112299494,0.2406417112299494,0.5136030470342792,0.013891270794032073,**,*,,
Ardeche,33,10.26823,0.04910100335105743,0.4910100335105743,0.0011279468629844087,0.29353878073998074,14.934266,0.05314635051125359,0.5314635051125359,0.006078241067331585,0.21860103710153622,0.023561718,-2.05E-05,-0.000204964,0.8374385457423894,0.0013790285068273622,0,0,0,,,**,**,,
Isere,33,9.518169,0.04903805829624339,0.4903805829624339,0.0019925897987615993,0.26885769530887915,14.311194,0.05407327509181288,0.5407327509181288,0.005797558785959436,0.22077936171993184,0.02065542,-1.45E-05,-0.000144506,0.8525207239580467,0.001132318493491713,0,0,0,,,**,**,,
Doubs,33,10.92247,0.048932743263753756,0.48932743263753753,0.0035957636757779454,0.24255663980455178,15.581741,0.055962785361284025,0.5596278536128403,0.006880521067606938,0.2128699021739744,0.015568305,-8.38E-05,-0.000837606,0.12464916400639364,0.07437857761817657,0,0,0,,,**,**,,
Gers,33,14.422678,0.048932203315794565,0.48932203315794565,0.007612169626478036,0.2081786826148082,19.611933,0.05439644701340456,0.5439644701340456,0.024345198884426406,0.1530937491828176,0.014850884,-1.73E-05,-0.000173479,0.8034875660216305,0.0020278073979149713,4.7272727272727275,0.11664438502673487,1.1664438502673486,0.2167736984105639,0.04877971613482046,**,*,,
Indre_et_Loire,33,13.339937,0.048924571052590626,0.48924571052590626,0.007917393945510047,0.20634889647319654,18.262379,0.05156121438837164,0.5156121438837165,0.028121577923156924,0.14614776354449666,0.007613963,-2.42E-05,-0.000242086,0.509850708867535,0.014138661601416747,3.3333333333333335,0.058823529411761,0.58823529411761,0.425894811603585,0.020568757304246565,**,*,,
Mayenne,33,12.228261,0.04889661328677685,0.4889661328677685,0.007597683835447285,0.20826727070993156,16.827057,0.05352913504615661,0.5352913504615662,0.024132708602208085,0.15351542789351225,0.008925094,-3.27E-05,-0.000326901,0.39043126534593053,0.023889528157934103,1.9393939393939394,0.03409090909090653,0.3409090909090653,0.46660273198700475,0.017224557190032797,**,*,,
Lozere,33,9.154194,0.04885046399213307,0.48850463992133064,0.0009937752706891114,0.2989398590644221,13.703767,0.052558285667295555,0.5255828566729556,0.00622833423252731,0.21747555398275953,0.018207235,5.728681883056753e-06,5.728681883056753e-05,0.9384348265508349,0.00019554765683860165,0,0,0,,,***,**,,
Vienne,33,13.253177,0.048748284100209906,0.48748284100209904,0.008609672812486388,0.20243879775362328,18.155565,0.05192033173566049,0.5192033173566049,0.030503007710592084,0.14222497268942857,0.01254268,-3.11E-05,-0.000310806,0.5820805491174549,0.009879996852401263,3.3636363636363638,0.05581550802138679,0.5581550802138678,0.44940152177810944,0.01858156727714655,**,*,,
Lot_et_Garonne,33,14.63081,0.04855514465168712,0.4855514465168712,0.009976787610928023,0.19553636796952445,19.757568,0.0522832303123663,0.522832303123663,0.027699473174624477,0.1468770610461314,0.008091589,-4.90E-06,-4.90E-05,0.9000700970619875,0.0005167975291190396,4.9393939393939394,0.1136363636363591,1.136363636363591,0.21010441702778662,0.05018499567031365,**,*,,
Correze,33,11.023881,0.04846505685285981,0.4846505685285981,0.003461674243028059,0.24427062232003893,15.705154,0.054308771449612964,0.5430877144961297,0.011376551025534512,0.1893582245140384,0.028846692,-0.000132433,-0.001324329,0.23216974893876366,0.04571664254381003,0.06060606060606061,-0.006684492,-0.06684492,0.3009500621343403,0.03446691176470673,**,*,,
Loire,33,10.748201,0.048428024837676456,0.48428024837676453,0.002435713020090067,0.2599892901521249,15.506081,0.052364550491066565,0.5236455049106656,0.011324887694278038,0.18957284514815054,0.005379388,-2.15E-05,-0.000214945,0.31179264164618936,0.03298100129369497,0.15151515151515152,-0.011029412,-0.110294118,0.40570498257019416,0.022408636962247264,**,*,,
Haute_Vienne,33,12.08933,0.0482883797609858,0.482883797609858,0.005765832998288073,0.22103192507505787,16.870035,0.05356390240358026,0.5356390240358027,0.019262594029879385,0.16433098280983927,0.01853703,-8.41E-05,-0.000841454,0.23966695883269906,0.04430903547965159,0.7575757575757576,0.00835561497326246,0.0835561497326246,0.7829363878189466,0.002484997243309861,**,*,,
Loir_et_Cher,33,13.158986,0.0482809027248513,0.482809027248513,0.008347457465327304,0.20388290235714246,18.04052,0.051042140805146026,0.5104214080514603,0.027440171518144898,0.1473305135638645,0.007497934,-1.86E-05,-0.000185771,0.6038809222540618,0.008785532521766504,2.484848484848485,0.0347593582887671,0.34759358288767095,0.5610937605331614,0.011013120166825985,**,*,,
Cantal,33,9.073748,0.04812865923432638,0.4812865923432638,0.0018896256143981405,0.27118720689026277,13.715745,0.052462409205614007,0.52462409205614,0.009945894253166542,0.19568198002797121,0.024257036,-8.34E-05,-0.000833777,0.34997578205093194,0.02822973262775441,0,0,0,,,**,**,,
Loiret,33,13.175681,0.04809986078802787,0.4809986078802787,0.008859922078414056,0.20109963067304293,18.091482,0.05166726284485954,0.5166726284485954,0.023272120569506696,0.15526129701963431,0.013882579,-3.29E-05,-0.00032851,0.5821887375477154,0.009874361557930533,2.303030303030303,0.03709893048128021,0.3709893048128021,0.5110993358492184,0.014055997347222515,**,*,,
Haute_Loire,33,9.03747,0.04792521917883618,0.4792521917883618,0.0018535066048896178,0.2720331433171552,13.714236,0.051187707141120156,0.5118770714112015,0.010326240325932927,0.19391894676732535,0.013663029,-2.74E-05,-0.000274177,0.5979208694886806,0.009076664798573941,0,0,0,,,**,*,,
Marne,33,12.716934,0.04789179850389519,0.4789179850389519,0.007528608962433494,0.20869194975419614,17.637257,0.0538941609030726,0.538941609030726,0.01601849009767301,0.1731373918779111,0.01787952,-0.000115282,-0.001152823,0.08340185119355378,0.0935747839060872,2.090909090909091,0.04211229946523795,0.4211229946523795,0.4471177566471666,0.018767732173256002,**,*,?,
Hautes_Alpes,33,3.0322762,0.047766294031537565,0.47766294031537565,0.0016308350111842642,0.27762374049886596,7.3917365,0.04970688472457027,0.4970688472457027,0.004848436378495379,0.22897984823883288,0.01837778,-7.29E-07,-7.29E-06,0.9912852065853323,3.911040667770038e-06,0,0,0,,,**,**,,
Puy_de_Dome,33,10.300628,0.04771843281659101,0.47718432816591005,0.003113044148205667,0.2490431335228246,15.099965,0.05224472379939312,0.5224472379939312,0.01271838200135621,0.18409129088306675,0.011263832,-4.97E-05,-0.000496608,0.2721714293352614,0.03875504875032665,0.06060606060606061,-0.006684492,-0.06684492,0.3009500621343403,0.03446691176470673,**,*,,
Sarthe,33,12.7409525,0.047714897974288246,0.47714897974288245,0.009798960647987277,0.19638057149536225,17.51586,0.05140913106540787,0.5140913106540788,0.03016331580878625,0.14276568337716622,0.016097438,-3.44E-05,-0.000343736,0.6525647402161219,0.0066223309836729305,2.303030303030303,0.03074866310160127,0.3074866310160127,0.6021638128170507,0.008868795475629132,**,*,,
Meuse,33,12.096852,0.047315724074520935,0.4731572407452094,0.009617332730630604,0.1972582392350235,16.90114,0.05439731877117768,0.5439731877117768,0.015504119511901551,0.17469147326753043,0.017160386,-0.000132563,-0.001325629,0.06828252942908608,0.10322227102321524,0.8787878787878788,0.023395721925133804,0.23395721925133806,0.45797461681363194,0.017895403194389647,**,*,?,
Deux_Sevres,33,13.271632,0.04717836214259211,0.4717836214259211,0.010363011846950373,0.19375183973186016,18.040056,0.048881432589361465,0.4888143258936146,0.037448555899356153,0.13230692126991062,0.013400702,1.1427706184707585e-06,1.1427706184707584e-05,0.984530368817317,1.2324615489056612e-05,3.303030303030303,0.05581550802138674,0.5581550802138674,0.3981491000522507,0.02313124264595323,*,*,,
Nord,33,11.895329,0.04695155371956526,0.46951553719565264,0.014519132985351344,0.17781264431983534,16.406712,0.053372004771613746,0.5337200477161375,0.018770782235770084,0.16556847113676043,0.016501315,-4.73E-05,-0.000473149,0.38319002497285626,0.024620204977347848,1.3333333333333333,0.020721925133687938,0.20721925133687938,0.6632405640221128,0.006196588544801096,*,*,,
Maine_et_Loire,33,13.113267,0.0469457459322257,0.469457459322257,0.012518938272640999,0.18483906056822896,17.955153,0.0502781542864697,0.502781542864697,0.038541368207759906,0.13091463692347627,0.01958664,-1.19E-05,-0.000118948,0.8955378728322207,0.0005650010268907213,3.4242424242424243,0.06383689839571818,0.6383689839571818,0.3466384990669439,0.028617636599447716,*,*,,
Aisne,33,12.199132,0.04691962762312344,0.4691962762312344,0.009637510481040798,0.19715994873212805,16.96256,0.05299955797705301,0.5299955797705301,0.01720688217162577,0.16972495988761938,0.011778217,-6.19E-05,-0.00061937,0.11389565126341238,0.07865863897655345,1.5151515151515151,0.03241978609625372,0.3241978609625372,0.49358165348789707,0.015247683704690429,**,*,,
Yvelines,33,12.799916,0.046907297748931584,0.46907297748931587,0.012448536658086748,0.1851057759059599,17.49308,0.049995119877676034,0.4999511987767603,0.029905385267890747,0.1431802733791565,0.00399714,7.895822512284804e-07,7.895822512284803e-06,0.9621376038227862,7.387338623965345e-05,2.0303030303030303,0.023061497326200137,0.23061497326200137,0.6570086411745311,0.006443071093468089,*,*,,
Essonne,33,13.196883,0.046830336677835566,0.46830336677835566,0.012755570603844794,0.18395311897739897,18.052155,0.05140288086498339,0.5140288086498339,0.0254797027413947,0.15090173922567995,0.003225981,-3.62E-06,-3.62E-05,0.7722825779798125,0.00274165419618122,2.6666666666666665,0.03241978609625479,0.3241978609625479,0.6268068694155648,0.007720260027832326,*,*,,
Ardennes,33,11.859614,0.046738251645296366,0.4673825164529637,0.010248126891050246,0.1942758482881385,16.550512,0.053371316608897094,0.5337131660889709,0.015858300253410042,0.17361610917623582,0.008066139,-5.24E-05,-0.000524193,0.06942207722854557,0.10242253853067074,0.9090909090909091,0.03643048128342226,0.36430481283422256,0.23726556717239125,0.04475424903567937,*,*,?,
Seine_et_Marne,33,12.9369135,0.04668303447611073,0.4668303447611073,0.010516520962279,0.1930603591483342,17.791685,0.051637411755035195,0.516374117550352,0.02241880404652266,0.15705602342419944,0.003499574,-8.76E-06,-8.76E-05,0.4868930139870957,0.015721328634491938,2.303030303030303,0.02740641711229738,0.27406417112297377,0.6423500618635266,0.00704557901442926,*,*,,
Eure_et_Loir,33,12.334142,0.04667417824586952,0.46674178245869524,0.010034925919544527,0.19526351791140306,17.023499,0.05009067855416631,0.5009067855416631,0.027789563797849595,0.14672049226474304,0.016122248,-1.71E-05,-0.000170549,0.8086641194871368,0.0019203989441860525,1.5454545454545454,0.02540106951871301,0.2540106951871301,0.5184296634002417,0.013577553783662655,*,*,,
Ille_et_Vilaine,33,12.356144,0.04655802632398006,0.4655802632398006,0.01018316245781215,0.19457468059470384,16.903183,0.05181414398917379,0.5181414398917379,0.026701585170838562,0.14864558667671046,0.012869672,-3.34E-05,-0.00033393,0.5385776681366194,0.012321010718058467,1.7878787878787878,0.04645721925133385,0.4645721925133385,0.232615229591687,0.04563153419826105,*,*,,
Creuse,33,11.371609,0.04631030846406946,0.4631030846406946,0.0058028207970816075,0.2207376002208058,16.125153,0.05093370720664318,0.5093370720664319,0.021763099104993643,0.15848116686567493,0.01776816,-6.17E-05,-0.000616947,0.37250159467964705,0.02573414373052263,0.3939393939393939,-0.003008021,-0.030080214,0.9032298971143273,0.00048448066862338823,**,*,,
Oise,33,12.419801,0.0462396077931234,0.46239607793123405,0.012930676645207088,0.18330772868599943,17.130827,0.05144016723581676,0.5144016723581676,0.023485141280382187,0.15482332195006232,0.018826552,-4.21E-05,-0.000421333,0.5306758495003836,0.012803800931734277,1.7272727272727273,0.008355614973259939,0.0835561497325994,0.877555655521978,0.0007778585367795854,*,*,,
Pas_de_Calais,33,11.817491,0.04614811625710017,0.4614811625710017,0.015894171562839447,0.17350850255277717,16.267202,0.05253519635786848,0.5253519635786847,0.021770155487875247,0.15846560766554385,0.011528569,-2.76E-05,-0.000276027,0.5193024458857749,0.013521360367714674,1.4242424242424243,0.014037433155078551,0.14037433155078552,0.7841795278408319,0.002455930617639601,*,*,,
Orne,33,11.4244995,0.04599194730666731,0.4599194730666731,0.008509356054671543,0.20298619862687795,15.867054,0.05232598596715506,0.5232598596715506,0.020489728687096222,0.16137296149686975,0.015624175,-4.96E-05,-0.000495948,0.4057550378483361,0.022403913627855987,0.6363636363636364,-0.007018717,-0.070187166,0.7677712395565801,0.002854442833471249,**,*,,
Eure,33,11.956559,0.045883027308763535,0.45883027308763535,0.01167592280665828,0.1881328442637149,16.480278,0.051123388629544526,0.5112338862954453,0.02386769002759238,0.15404647833171237,0.012903715,-2.98E-05,-0.00029779,0.5457855223914791,0.011891570793098327,1.1515151515151516,0.009024064171120384,0.09024064171120383,0.7873312160395245,0.00238305903274183,*,*,,
Charente_Maritime,33,14.316442,0.045795755590346036,0.4579575559034604,0.010564949308146252,0.1928442383070902,18.45349,0.04748600147624583,0.47486001476245826,0.030160196825791012,0.14277067583562675,0.014073595,1.9389050757451245e-05,0.00019389050757451245,0.7610086973629,0.0030281385299409935,2.4545454545454546,0.03943850267379453,0.3943850267379453,0.4237428917341438,0.02075879013405868,*,*,,
Loire_Atlantique,33,13.076388,0.04521792043338988,0.4521792043338988,0.01429982260528715,0.17853554885730338,17.55471,0.048300176062046965,0.4830017606204696,0.0388263427999142,0.1305580077150048,0.011368805,4.9739692890586604e-06,4.97396928905866e-05,0.9219952563129185,0.00031428415933487663,2.6363636363636362,0.05581550802138531,0.5581550802138531,0.28902809612256847,0.036179635933413556,*,*,,
Pyrenees_Atlantiques,33,11.887514,0.04510014962384887,0.4510014962384887,0.008545744178892726,0.2027869226440876,16.686207,0.04890652710103547,0.4890652710103547,0.02747810206674783,0.14726392021586687,0.017214391,1.056974487290068e-05,0.0001056974487290068,0.8834870167056409,0.0007038202079197031,0.2727272727272727,0.020387700534759044,0.20387700534759046,0.05038779962963714,0.11793230223123807,**,*,,?
Somme,33,11.929323,0.04479297278398997,0.4479297278398997,0.01646118680483513,0.1718382545397581,15.830483,0.05007578886766351,0.5007578886766351,0.023227773057551,0.15535297029959727,0.011464006,-1.73E-05,-0.000172515,0.6890410316190402,0.005235519292638879,0.48484848484848486,0.007018716577540325,0.07018716577540325,0.7496871629257147,0.0033314867042707474,*,*,,
Vendee,33,13.179872,0.04405433736382832,0.4405433736382832,0.014995711298956075,0.17627761300221656,17.557863,0.04552667950563736,0.4552667950563736,0.045682280125834064,0.12268220043504796,0.008176521,1.8619628589511418e-05,0.0001861962858951142,0.5859130862550344,0.009681627987443098,2.757575757575758,0.027740641711225696,0.27740641711225694,0.6345771795959751,0.007378288759667617,*,*,,
Calvados,33,12.011751,0.0439813127492188,0.439813127492188,0.011982155863015797,0.18691046368832698,15.67976,0.050429992178543076,0.5042999217854307,0.01992189254190088,0.16271959474535636,0.008225443,-3.70E-05,-0.00036995,0.26967521895388463,0.039152857035081645,0.36363636363636365,0.001671122994651812,0.016711229946518122,0.9043004034159505,0.0004737719830197884,*,*,,
Seine_Maritime,33,11.739072,0.04347389968321149,0.4347389968321149,0.01607224497656568,0.17297779200278607,15.590023,0.04903084135310398,0.4903084135310398,0.024279452530425426,0.15322383340009216,0.012702949,-2.92E-05,-0.000292414,0.552654685075336,0.011491816773746666,0.45454545454545453,-0.001002674,-0.010026738,0.9560278467632843,9.966335931976822e-05,*,*,,
Manche,33,11.923548,0.04345972907734293,0.43459729077342935,0.010471765079010492,0.19326094833708196,15.521943,0.04993186150004998,0.4993186150004998,0.018693028032023322,0.1657670062722204,0.013604985,-6.06E-05,-0.000606373,0.22286324901827426,0.04753911631895402,0.30303030303030304,-0.011363636,-0.113636364,0.4019237044059606,0.02276785714285734,*,*,,
Gironde,33,14.794172,0.04338695690593525,0.4338695690593525,0.01469409886818525,0.17724347757914038,19.055021,0.04605376879799061,0.46053768797990613,0.03699424656595292,0.13289762571467534,0.017747145,4.4572357596319377e-05,0.0004457235759631938,0.584877359952235,0.009734981322789271,2.5757575757575757,0.06016042780748394,0.6016042780748394,0.25280459138658745,0.04196253419169449,*,*,,
Morbihan,33,12.654201,0.0423881178871183,0.423881178871183,0.014019562917848866,0.1794751928616538,16.300436,0.0461622505264473,0.46162250526447296,0.028053206203984934,0.14626515973682452,0.007961861,8.667634307029811e-07,8.667634307029812e-06,0.978727371603547,2.3307831705010607e-05,0.45454545454545453,-0.013034759,-0.130347594,0.48584697567946034,0.015796360917247565,*,*,,
Landes,33,14.790737,0.041637822587221,0.41637822587220996,0.014516325281108858,0.1778218320413376,19.44807,0.04434822587405798,0.4434822587405798,0.041968914198347085,0.1267891751033169,0.018827846,2.0086179788720272e-05,0.00020086179788720272,0.8123636527306849,0.0018455259748807462,2.757575757575758,0.06483957219250903,0.6483957219250903,0.22237906347894165,0.04763632558830333,*,*,,
Cotes_d_Armor,33,11.668047,0.04010945622296128,0.4010945622296128,0.01358576389872401,0.18096619882839515,15.181321,0.04534979427561884,0.4534979427561884,0.024648988881468867,0.1524971170381263,0.025212763,-1.46E-05,-0.000145981,0.867694549062173,0.0009093459204900789,0.15151515151515152,0.0026737967914430396,0.026737967914430394,0.7462540289555754,0.0034266133637922414,*,*,,
Finistere,33,11.828908,0.03795916957651112,0.3795916957651112,0.013736818092724968,0.18044183404186176,14.835916,0.04183714657543681,0.41837146575436807,0.02704094013318018,0.1480369724540621,0.01015637,1.6110632811389908e-05,0.0001611063281138991,0.6317178571755648,0.007503028916055254,0.09090909090909091,-0.002673797,-0.026737968,0.7099352193853827,0.004524886877827705,*,*,,
